Gifted Child ,Talent Development ,Differentiation ,Agnostic 
Intellect(ual/ually) ,Potential ,Services ,Leadership 
Leader ,Perform(ance/ing) ,Program(s) ,Thinking 
Aptitude ,Creativ(e/ity) ,Differentiated ,Learning 
Exceptional(ly/ity) ,Art(s)/Artistic ,Instruction ,Environment 
Qualified ,Visual ,Levels ,Need 
Capacity ,Accomplishment ,Designed ,Requires 
Percent ,Develop(ment) ,Opportunity ,Advanced 
Extraordinary ,Music(al) ,Require ,Society 
Standard(ized/s) ,Productive ,Twice exceptional ,Consistently 
Test ,Talent(ed/s) ,Serve ,Unique 
Possess(ion/ing) ,Achieve(ment) ,Categories ,Psychosocial 
Reasoning ,Experience ,Disabilities ,Special/Specially 
Outstanding ,Progress ,Unusual ,Academic(ally) 
Superior ,Opportunity ,,
Sensory/Psycho (motor) ,Domain/Categories ,,
Gifts ,(Cap)Abilit(y/ies) ,,
Cognitive ,Dance ,,
Motivation ,Theater/performing arts ,,
Problem (-) solving ,Activities ,,
Age ,,,
Assessment ,,,
Remarkably ,,,
Innovative ,,,